{
	"status": "success",
	"feasibility": true,
	"log_likelihood": -1721.7834130765725,
	"edge_derivatives": [
		0.0007862352003744633,
		0.0007194227200348902,
		0.0006463258101829794,
		0.0002003648675235059,
		-0.0022089726477234617,
		-0.0015616436609668938,
		-0.0031874916499283756,
		0.005043034955001691]
}
